id;i_dentidad;i_dcargo;n_if;n_ombre;a_pellido_1;a_pellido_2;e_mail
1;55582;68894;Borders Savings Account;Chicken Open-source;Granite tangible Home Loan Account;Home Loan Account Glens program;Regional deposit Optional
2;77595;68222;Green Spring;Virgin Islands, U.S. mobile;protocol transmitting Generic;Savings Account Hat;payment Investment Account
3;49475;14677;French Southern Territories Borders;cross-platform;Maryland Reunion Developer;architecture Cloned;connecting
4;67494;47004;visualize Codes specifically reserved for testing purposes quantifying;Maryland hard drive convergence;Enterprise-wide;Savings Account Ball;engineer Auto Loan Account
5;67724;35409;4th generation generating;tan;knowledge base Personal Loan Account Credit Card Account;Kuwaiti Dinar;Intelligent Universal red
6;34519;23723;explicit synergize Soap;Zloty;Steel Coordinator methodology;convergence connecting;online Supervisor Berkshire
7;99721;30805;synthesizing;Zambian Kwacha Strategist;e-markets;background;Frozen
8;26816;60882;hacking Refined Frozen Sausages input;modular Devolved;Michigan;Salad SSL transmitter;Intelligent
9;36652;91399;end-to-end Forint payment;Ball;Hat Granite compress;parsing envisioneer Personal Loan Account;mint green benchmark
10;29935;44007;web services Representative;Associate Compatible JBOD;override Refined Handmade Steel Cheese;Managed;Principal bandwidth
